タイトル,URL
YouTube動画申請書,https://logoform.jp/f/T64Xk/1145073?key=3af8caf1f2bb0014b0c9b046d1e376f7b8065170617264317f71b981444e9be9
個人ファイル保存申請書,https://logoform.jp/f/T64Xk/1145073?key=3af8caf1f2bb0014b0c9b046d1e376f7b8065170617264317f71b981444e9be10
リーダー研修会1,https://logoform.jp/f/T64Xk/1145073?key=3af8caf1f2bb0014b0c9b046d1e376f7b8065170617264317f71b981444e9be11
リーダー研修会2,https://logoform.jp/f/T64Xk/1145073?key=3af8caf1f2bb0014b0c9b046d1e376f7b8065170617264317f71b981444e9be12
リーダー研修会3,https://logoform.jp/f/T64Xk/1145073?key=3af8caf1f2bb0014b0c9b046d1e376f7b8065170617264317f71b981444e9be13
リーダー研修会4,https://logoform.jp/f/T64Xk/1145073?key=3af8caf1f2bb0014b0c9b046d1e376f7b8065170617264317f71b981444e9be14
リーダー研修会5,https://logoform.jp/f/T64Xk/1145073?key=3af8caf1f2bb0014b0c9b046d1e376f7b8065170617264317f71b981444e9be15
リーダー研修会6,https://logoform.jp/f/T64Xk/1145073?key=3af8caf1f2bb0014b0c9b046d1e376f7b8065170617264317f71b981444e9be16
リーダー研修会7,https://logoform.jp/f/T64Xk/1145073?key=3af8caf1f2bb0014b0c9b046d1e376f7b8065170617264317f71b981444e9be17
リーダー研修会8,https://logoform.jp/f/T64Xk/1145073?key=3af8caf1f2bb0014b0c9b046d1e376f7b8065170617264317f71b981444e9be18
リーダー研修会9,https://logoform.jp/f/T64Xk/1145073?key=3af8caf1f2bb0014b0c9b046d1e376f7b8065170617264317f71b981444e9be19
リーダー研修会10,https://logoform.jp/f/T64Xk/1145073?key=3af8caf1f2bb0014b0c9b046d1e376f7b8065170617264317f71b981444e9be20
リーダー研修会11,https://logoform.jp/f/T64Xk/1145073?key=3af8caf1f2bb0014b0c9b046d1e376f7b8065170617264317f71b981444e9be21
リーダー研修会12,https://logoform.jp/f/T64Xk/1145073?key=3af8caf1f2bb0014b0c9b046d1e376f7b8065170617264317f71b981444e9be22
リーダー研修会13,https://keisan.casio.jp/exec/system/1161228732
リーダー研修会14,https://keisan.casio.jp/exec/system/1161228733